<annotation>
	<folder>bread_mix1_3_main1</folder>
	<filename>1635.jpg</filename>
	<path>C:\Users\LAOJIA\Downloads\bread_mix1_3_main1\bread_mix1_3_main1\1635.jpg</path>
	<source>
		<database>Unknown</database>
	</source>
	<size>
		<width>1920</width>
		<height>1080</height>
		<depth>3</depth>
	</size>
	<segmented>0</segmented>
	<object>
		<name>nrtzdg</name>
		<pose>Unspecified</pose>
		<truncated>0</truncated>
		<difficult>0</difficult>
		<bndbox>
			<xmin>1333</xmin>
			<ymin>564</ymin>
			<xmax>1567</xmax>
			<ymax>835</ymax>
		</bndbox>
	</object>
	<object>
		<name>mmc</name>
		<pose>Unspecified</pose>
		<truncated>0</truncated>
		<difficult>0</difficult>
		<bndbox>
			<xmin>840</xmin>
			<ymin>658</ymin>
			<xmax>968</xmax>
			<ymax>871</ymax>
		</bndbox>
	</object>
</annotation>