<annotation>
	<folder>bread_mix1_3_main1</folder>
	<filename>2714.jpg</filename>
	<path>C:\Users\LAOJIA\Downloads\bread_mix1_3_main1\bread_mix1_3_main1\2714.jpg</path>
	<source>
		<database>Unknown</database>
	</source>
	<size>
		<width>1920</width>
		<height>1080</height>
		<depth>3</depth>
	</size>
	<segmented>0</segmented>
	<object>
		<name>nrtzdg</name>
		<pose>Unspecified</pose>
		<truncated>0</truncated>
		<difficult>0</difficult>
		<bndbox>
			<xmin>1255</xmin>
			<ymin>868</ymin>
			<xmax>1409</xmax>
			<ymax>1032</ymax>
		</bndbox>
	</object>
	<object>
		<name>mmc</name>
		<pose>Unspecified</pose>
		<truncated>0</truncated>
		<difficult>0</difficult>
		<bndbox>
			<xmin>1194</xmin>
			<ymin>881</ymin>
			<xmax>1273</xmax>
			<ymax>1050</ymax>
		</bndbox>
	</object>
</annotation>