<annotation>
	<folder>bread_mix1_3_main1</folder>
	<filename>2937.jpg</filename>
	<path>C:\Users\LAOJIA\Downloads\bread_mix1_3_main1\bread_mix1_3_main1\2937.jpg</path>
	<source>
		<database>Unknown</database>
	</source>
	<size>
		<width>1920</width>
		<height>1080</height>
		<depth>3</depth>
	</size>
	<segmented>0</segmented>
	<object>
		<name>nrtzdg</name>
		<pose>Unspecified</pose>
		<truncated>0</truncated>
		<difficult>0</difficult>
		<bndbox>
			<xmin>1227</xmin>
			<ymin>685</ymin>
			<xmax>1503</xmax>
			<ymax>1074</ymax>
		</bndbox>
	</object>
	<object>
		<name>mmc</name>
		<pose>Unspecified</pose>
		<truncated>0</truncated>
		<difficult>0</difficult>
		<bndbox>
			<xmin>1094</xmin>
			<ymin>667</ymin>
			<xmax>1247</xmax>
			<ymax>1059</ymax>
		</bndbox>
	</object>
</annotation>