<annotation>
	<folder>bread_mix1_3_main1</folder>
	<filename>404.jpg</filename>
	<path>C:\Users\LAOJIA\Downloads\bread_mix1_3_main1\bread_mix1_3_main1\404.jpg</path>
	<source>
		<database>Unknown</database>
	</source>
	<size>
		<width>1920</width>
		<height>1080</height>
		<depth>3</depth>
	</size>
	<segmented>0</segmented>
	<object>
		<name>nrtzdg</name>
		<pose>Unspecified</pose>
		<truncated>0</truncated>
		<difficult>0</difficult>
		<bndbox>
			<xmin>1021</xmin>
			<ymin>941</ymin>
			<xmax>1199</xmax>
			<ymax>1034</ymax>
		</bndbox>
	</object>
	<object>
		<name>mmc</name>
		<pose>Unspecified</pose>
		<truncated>0</truncated>
		<difficult>0</difficult>
		<bndbox>
			<xmin>1224</xmin>
			<ymin>888</ymin>
			<xmax>1320</xmax>
			<ymax>1014</ymax>
		</bndbox>
	</object>
</annotation>