<annotation>
	<folder>bread_mix1_3_main1</folder>
	<filename>994.jpg</filename>
	<path>C:\Users\LAOJIA\Downloads\bread_mix1_3_main1\bread_mix1_3_main1\994.jpg</path>
	<source>
		<database>Unknown</database>
	</source>
	<size>
		<width>1920</width>
		<height>1080</height>
		<depth>3</depth>
	</size>
	<segmented>0</segmented>
	<object>
		<name>nrtzdg</name>
		<pose>Unspecified</pose>
		<truncated>0</truncated>
		<difficult>0</difficult>
		<bndbox>
			<xmin>1008</xmin>
			<ymin>714</ymin>
			<xmax>1165</xmax>
			<ymax>868</ymax>
		</bndbox>
	</object>
	<object>
		<name>mmc</name>
		<pose>Unspecified</pose>
		<truncated>0</truncated>
		<difficult>0</difficult>
		<bndbox>
			<xmin>1173</xmin>
			<ymin>714</ymin>
			<xmax>1265</xmax>
			<ymax>841</ymax>
		</bndbox>
	</object>
</annotation>